Drake,Deep Pockets,12482146
Drake,When To Say When,12885199
Drake,Chicago Freestyle,36258296
Drake,Not You Too,15311250
Drake,Toosie Slide,273281855
Drake,Desires,17211311
Drake,Time Flies,17583595
Drake,Landed,14140426
Drake,D4L,18655914
Drake,Pain 1993,38300275
Drake,Losses,10611692
Drake,From Florida With Love,12005286
Drake,Demons,18436544
Drake,War,13748085
Drake,Dreams Money Can Buy,15269522
Drake,The Motion,40323757
Drake,How Bout Now,23172564
Drake,Trust Issues,27548048
Drake,Days in The East,11252896
Drake,Draft Day,9764523
Drake,4pm in Calabasas,13510964
Drake,5 Am in Toronto,12415951
Drake,I Get Lonely,9838006
Drake,My Side,7401214
Drake,Jodeci Freestyle,8451550
Drake,Club Paradise,10510249
Drake,Free Spirit,7321923
Drake,Heat Of The Moment,5149715
Drake,Girls Love Beyoncé,18533798
Drake,Paris Morton Music,9489121
Drake,Can I,10480228
Drake,Survival,90297431
Drake,Nonstop,639167338
Drake,Elevate,119424757
Drake,Emotionless,128698471
Drake,God's Plan,1539119025
Drake,Im Upset,301232744
Drake,8 Out of 10,90921212
Drake,Mob Ties,231745654
Drake,Can't Take A Joke,127929195
Drake,Sandra's Rose,77851941
Drake,Talk Up,83214093
Drake,Is There More,58881611
Drake,Peak,67311088
Drake,Summer Games,80913744
Drake,Jaded,94767533
Drake,Nice For What,809177848
Drake,Finesse,96858081
Drake,Ratchet Happy Birthday,54110154
Drake,Thats how you feel,79439187
Drake,Blue Tint,96814309
Drake,In My Feelings,1017175142
Drake,Don't Matter To me,354925483
Drake,After Dark,83656903
Drake,Final Fantasy,83656903
Drake,43904,45336259
Drake,Free Smoke,148813924
Drake,No Long Talk,103730707
Drake,Passionfruit,774580821
Drake,Jorja Interlude,149291429
Drake,Get It Together,149291429
Drake,Madiba Riddim,111324655
Drake,Blem,185020349
Drake,4422,100307342
Drake,Gyalchester,263968275
Drake,Skepta Interlude,66750715
Drake,Portland,393637613
Drake,Sacrifices,111938917
Drake,Nothings Into Somethings,65031857
Drake,Teenage Fever,241661001
Drake,KMT,127610854
Drake,Lose You,61020045
Drake,Can't Have Everything,72773913
Drake,Glow,62566346
Drake,Since Way Back,59677474
Drake,Fake Love,719295683
Drake,Ice Melts,90845600
Drake,Do Not Disturb,192285863
Drake,Keep The Family Close,70904098
Drake,9,100859436
Drake,U With Me?,90056594
Drake,Feel No Ways,153280693
Drake,Hype,140218295
Drake,Weston Road Flows,75610563
Drake,Redemption,113730013
Drake,With You,143313885
Drake,Faithful,72837941
Drake,Still Here,214202183
Drake,Controlla,603914713
Drake,One Dance,1857221746
Drake,Grammys,133815306
Drake,Childs Play,191760229
Drake,Pop Style,298282494
Drake,Too Good,784002487
Drake,Summers Over Interlude,52679781
Drake,Fire & Desires,161584756
Drake,Views,67155463
Drake,Hotline Bling,889062849
Drake,Digital Dash,90563520
Drake,Big Rings,173605910
Drake,Live From The Gutter,82113649
Drake,Diamonds Dancing,118841270
Drake,Scholarships,88662974
Drake,Plastic Bag,68174522
Drake,I'm The Plug,68050308
Drake,Change Locations,67534462
Drake,Jumpman,620867893
Drake,Jersey,79871336
Drake,30 for 30 Freestyle,44558063
Drake,Legend,288794436
Drake,Energy,319114236
Drake,10 Bands,204380033
Drake,Know Yourself,273271179
Drake,No Tellin',112485749
Drake,Madonna,68755434
Drake,6 God,124750303
Drake,Star67,82218069
Drake,Preach,97714690
Drake,Wednesday Night Interlude,58707277
Drake,Used To,81390168
Drake,6 Man,87162402
Drake,Now & Forever ,80970715
Drake,Company,78134575
Drake,You & The 6,58833055
Drake,Jungle,177555402
Drake,6 PM In New York,47729127
Drake,Tuscan Leather,68940639
Drake,Furthest Thing,103121822
Drake,Started From The Bottom,306114168
Drake,Wu-Tang Forever,88012727
Drake,Own It,89899466
Drake,Worst Behavior,124879036
Drake,From Time,233359596
Drake,"Hold On, We're Going Home",535656982
Drake,Connect,63893202
Drake,The Language,116819865
Drake,305 To My City,55368608
Drake,Too Much,118750467
Drake,Pound Cake / Paris Morton Music 2,140429565
Drake,Come Thru,83870064
Drake,All Me,250340696
Drake,Over My Dead Body,77441312
Drake,Shot For Me,128788984
Drake,Headlines,292178520
Drake,Crew Love,182654626
Drake,Take Care,314581071
Drake,Marvins Room,312080716
Drake,Burried Alive,42633727
Drake,Under Ground Kings,68188478
Drake,We'll Be Fine ,56284165
Drake,Make Me Proud,155286691
Drake,Lord Knows,45586544
Drake,Cameras / Good Ones Go Interlude - Medley,56619664
Drake,Doing It Wrong,125140553
Drake,The Real Her,54471224
Drake,Look What You've Done,53589796
Drake,HYFR,159806016
Drake,Practice,94174527
Drake,The Ride,34090548
Drake,The Motto,218379251
Drake,Fireworks,31450974
Drake,Karoke,19630662
Drake,The Resistance,26480693
Drake,Over,107175711
Drake,Show Me A Good Time,32689480
Drake,Up All Night,104625558
Drake,Fancy,47549700
Drake,Shut it Down,40008982
Drake,Unforgettable,27985065
Drake,Light Up,21099956
Drake,Miss Me,47224125
Drake,Cece's Interlude,12335126
Drake,Find Your Love,79490543
Drake,Thank Me Now,26750145
Drake,Best I Ever Had,246853112
Drake,Lust For Life,16157772
Drake,Houstatlantavegas,34877052
Drake,Succesful,19196326
Drake,Lets Call It Off,10869905
Drake,November 18th,18225945
Drake,Ignant Shit,15539397
Drake,A Night Off,8078284
Drake,Say What's Real,8429789
Drake,Little Bit,11111738
Drake,Best I Ever Had,246853112
Drake,Unstoppable,8168671
Drake,Uptown,40816297
Drake,Sooner Than Later,7827557
Drake,Bria's Interlude,8796142
Drake,The Calm,15915595
Drake,Outro,5372429
Drake,Brand New,9153284
Drake,Congratulations,9251718
Drake,Behind Barz (Bonus),108472413
Drake,Money In The Grave,37427085
Drake,Omertà,37427085
Drake,Diplomatic Immunity,74214759
Drake,Signs,286300213
Drake,Sneakin,185422093
Drake,"Two Birds, One Stone",36860548
Drake,Charged Up,17134846
Drake,Popy Style,298282494
Drake,Summer Sixteen,166066899
Drake,Back To Back,287032583
Drake,0 To 100/ The Catch Up,313104836
Drake,Right Hand,152796296
Drake,NLE Choppa,18308636
Drake,Live For,66195056
THE SCOTTS,THE SCOTTS,157080712
NLE Choppa,Untold,4621137
NLE Choppa,Step,7788998
NLE Choppa,Side,13584574
NLE Choppa,Clicc Clacc,9203310
NLE Choppa,N.W.A.,7361650
NLE Choppa,Chances,3286424
NLE Choppa,Shotta Flow,145421985
NLE Choppa,Cruze,163245381
NLE Choppa,Walk Em Down,84149983
NLE Choppa,100 Shots,11301836
NLE Choppa,Exotic,7254599
NLE Choppa,Famous Hoes,43058117
NLE Choppa,Camelot,186760641
NLE Choppa,Dekario (Pain),2465836
NLE Choppa,Forever,19391219
NLE Choppa,Uppin the Score,1459839
NLE Choppa,Choppa DaVinci,1586548
NLE Choppa,Coolin,525924
NLE Choppa,Sticks,1373320
NLE Choppa,Shotta Flow 3,52097438
NLE Choppa,Crooks,646888
NLE Choppa,Free Youngboy,20988953
NLE Choppa,Stick By My Side,17753239
NLE Choppa,Drip,1144344
NLE Choppa,Traptized,1135145
NLE Choppa,BLOCC IS HOT,22494167
NLE Choppa,BIRDBOY,22575301
NLE Choppa,CAPO,60418377
NLE Choppa,Shotta Flow 2,46186850
NLE Choppa,I Don't Need No Help,20463897
NLE Choppa,Cursed Vibes,2763115
NLE Choppa,Drip Creator,653745
NLE Choppa,Redrum,1274493
NLE Choppa,Feeling My Drip,1035262
NLE Choppa,Nolove Anthem,712696
NLE Choppa,I Aint Funna Say To Muh,104704
Polo G,Don't Believe The Hype,3402405
Polo G,Heartless,49426518
Polo G,Martin & Gina,5067798
Polo G,Flex,10804167
Polo G,21,5231587
Polo G,33,3910856
Polo G,I Know,3706051
Polo G,Beautiful Pain,4952710
Polo G,No Matter What,2445133
Polo G,Be Something,6799700
Polo G,Relentless,2407204
Polo G,DND,14524030
Polo G,Chinatown,2086785
Polo G,Trials & Tribulations,2256452
Polo G,Wishing For A Hero,3835660
Polo G,Lost Files,8950967
Polo G,Dying Breed,33747539
Polo G,Through Da Storm,64102098
Polo G,Effortless,19794860
Polo G,Pop Out,344733563
Polo G,Battle Cry,26687387
Polo G,BST,12130750
Polo G,Finer Things,76340836
Polo G,Picture This,10486832
Polo G,Chosen 1,19488231
Polo G,Deep Wounds,30154110
Polo G,Last Strike,7639255
Polo G,A King's Nightmare,5353671
Polo G,Pop Out Again ,43776052
Polo G,First Place,19991603
Polo G,Gang WithMe,15609182
Polo G,Hollywood,11037869
Polo G,All She Wants,2362106
Polo G,The Come Up,9171511
Polo G,Neva Cared,15547506
Future,Trapped In The Sun,4492468
Future,HiTek Tek,3558187
Future,Touch The Sky,3431337
Future,Solitaires,13552917
Future,Ridin Strikers,4098158
Future,One of My,3324729
Future,Posted With Demons,3214035
Future,Hard to Choose One,3664855
Future,Trillionaire,8077751
Future,Harlen Shake,3844036
Future,Up The River,2793358
Future,Pray For A Key,2356501
Future,Too Comfortable,3444228
Future,All Bad,7514805
Future,Outer Space Bih,2487736
Future,Accepting My Flaws,2571345
Future,Life Is Good,381367491
Future,Last Name,13903617
Future,Tycoon,12388964
Future,100 Shooters,36938118
Future,Radical,1596373
Future,Monster,2899027
Future,Throw Away,2501606
Future,After That,2708148
Future,My Savages,3067311
Future,2Pac,995759
Future,Gangland,1288865
Future,Fetti,1758156
Future,Hardly,2040836
Future,Wesley Presley,967228
Future,Showed up,1003148
Future,Mad Luv,1247061
Future,Codeine Crazy,14340997
Future,XanaX Damage,10300992
Future,St. Lucia,5321089
Future,Please Tell Me,10342342
Future,Shotgun,6029131
Future,Government Official,17371658
Future,Extra,4905714
Future,Love Thy Enemies,4323050
Future,Never Stop,15067888
Future,Jumpin on a Jet,36749367
Future,Rocket Ship,14494548
Future,Temptation,11899600
Future,Crushed up,97034211
Future,F&N,20523359
Future,Call The Coroner,11191604
Future,Talk Shit Like a Preacher,9483253
Future,Promise U That,12130816
Future,Stick to the Models,11567775
Future,Overdose,5850219
Future,Krazy but True,8482034
Future,Servin Killa Kam,7660030
Future,Baptize,6876260
Future,Unicorn Purp,11820580
Future,Goin Dummi,9815261
Future,First Off,92873364
Future,Faceshot,12017833
Future,Ain't Coming Back,5502129
Future,Tricks on Me,5829558
Future,Jet Lag,47372733
Future,Astronauts,34164926
Future,Fine China,258049092
Future,Red Bentley,19120811
Future,Make It Back,38438182
Future,Oxy,17181625
Future,7 Am Freestyle,22594872
Future,Different,15709568
Future,Shorty,21157491
Future,Realer N Realer,47682937
Future,No Issue,19744438
Future,WRLD On Drugs,22254316
Future,Afterlife,13837729
Future,Ain't Livin Right,19323435
Future,Transformer,23427425
Future,Hard Work Pays Off,93238259
Future,WIFI LIT,39929927
Future,CUDDLE MY WRIST,15174185
Future,RACKS BLUE,16789603
Future,31 DAYS,24638336
Future,RED LIGHT,8056790
Future,DOH DOH,8706932
Future,WHEN I THINK ABOUT IT,7769609
Future,SOME MORE,10211212
Future,HATE THE REAL ME,8519223
Future,Walk On Minks,7616797
Future,Stains,2492898
Future,Nowhere,2054260
Future,Georgia,1024350
Future,No Cap,31432588
Future,Three,14925917
Future,All da Smoke,24174588
Future,200,15194882
Future,Cruise Ship,20180484
Future,Patek Water,78414639
Future,Feed Me Dope,32597496
Future,Drip on Me,16884410
Future,Real Love,14709525
Future,4 da Gang,20157470
Future,Killed Before,28105350
Future,Mink Flow,17165959
Future,Group Home,12397199
Future,My Collection,25634911
Future,Comin Out Strong,130179726
Future,Lookin Exotic,19161744
Future,Damage,14456672
Future,Use Me,21239277
Future,Incredible,56678017
Future,Testify,15595045
Future,Fresh Air,22306736
Future,Neva Missa Lost,11435521
Future,Keep Quiet,12972725
Future,Hallucinating,20434619
Future,I Thank U,11340707
Future,New Illuminati,9071318
Future,Turn On Me,14581925
Future,Selfish,227002959
Future,Solo,40366771
Future,Sorry,28749370
Future,PIE,74307765
Future,You Da Baddest,58043939
Future,Rent Money,62878242
Future,Good Dope,20145968
Future,Zoom,22983634
Future,Draco,59554089
Future,Super Trapper,26304348
Future,POA,21351319
Future,Mask Off,884643861
Future,High Demand,21793091
Future,Outta Time,18891867
Future,Scrape,17169648
Future,I'm so Groovy,73961450
Future,Might as Well,24715582
Future,Poppin' Tags,17015816
Future,Massage In My Room,13877230
Future,Flip,11670685
Future,When I Was Broke,16465035
Future,Feds Did a Sweep,21401929
Future,Used to This,130168072
Future,Mask Off remix,153772507
Future ,Extra Luv,51409843
Future,Ain't No Time,35951565
Future,In Her Mouth,19925558
Lil Yachty,Gimme My Respect,8283569
Lil Yachty,Get Dripped,82218335
Lil Yachty,Riley From the Boondocks,7167032
Lil Yachty,I'm The Mac,4556648
Lil Yachty,Yacht Club,113809055
Lil Yachty,SaintLaurentYSL,18549877
Lil Yachty,We Outta Here!,6234141
Lil Yachty,Who Want the Smoke?,56052035
Lil Yachty,Worth It,4760387
Lil Yachty,"Everything Good, Everything Right",4118456
Lil Yachty,Next Up,3494699
Lil Yachty,Forever World,14050131
Lil Yachty,Nolia,4471629
Lil Yachty,Fallin In Luv,11938904
Lil Yachty,Stoney,4082305
Lil Yachty,Self Made,11500122
Lil Yachty,Boom,23366040
Lil Yachty,Oops,13540503
Lil Yachty,Talk to me nice,13570330
Lil Yachty,Get Money Bros,9169601
Lil Yachty,Count me in,23217309
Lil Yachty,She ready,39301186
Lil Yachty,love me foever,8239618
Lil Yachty,das cap,6191133
Lil Yachty,pop out,4981136
Lil Yachty,nbayoungboat,77253082
Lil Yachty,Mickey,47976036
Lil Yachty,FWM,7022193
Lil Yachty,Flex,5982644
Lil Yachty,Whole lotta guap,5704011
Lil Yachty,Baby daddy,27469252
Lil Yachty,66,107235653
Lil Yachty,Like a star,6425325
Lil Yachty,Dn Freestyle,3975254
Lil Yachty,Peek A Boo,82564548
Lil Yachty,Dirty mouth,12115480
Lil Yachty,Harley,11064565
Lil Yachty,All around me,5952515
Lil Yachty,Say my name,26585858
Lil Yachty,All You had to say,4555555
Lil Yachty,Better,38555555
Lil Yachty,Forever young,64056256
Lil Yachty,Lady in yellow,4756562
Lil Yachty,moments in time,2785859
Lil Yachty,otha shit,3656802
Lil Yachty,X men,12039546
Lil Yachty,Bring it back,8198265
Lil Yachty,Running with a ghost,4265989
Lil Yachty,FYI,4122656
Lil Yachty,Priorities,12656414
Lil Yachty,No more,2588484
Lil Yachty,Made of glass,3856482
Lil Yachty,Momma,2156985
Lil Yachty,Intro,4959625
Lil Yachty,For hot 97,10000000
Lil Yachty,IDK,4000000
Lil Yachty,King of Teens,7156115
Lil Yachty,Shoot out the roof,12920363
Lil Yachty,Why,1784566
Lil Yachty,Up Next 3,7752979
Lil Yachty,Dipset,8040650
Lil Yachty,Life Goes on,10717650
Lil Yachty,Yeah Yeah,3340527
Lil Yachty,Pretty,5360779
Lil Yachty,Such Ease,4792304
Lil Yachty,All in,8333167
Lil Yachty,So many people,2411414
Lil Yachty,Intro,8353645
Lil Yachty,Wanna Be Us,36565525
Lil Yachty,Minnesota,80717557
Lil Yachty,Not My Bro,6005946
Lil Yachty,Interlude,5419454
Lil Yachty,Good Day,8112210
Lil Yachty,Up Next 2,12557376
Lil Yachty,Never Switch Up,5163142
Lil Yachty,One Night,252180845
Lil Yachty,Out Late,6652955
Lil Yachty,Fucked Over,9841226
Lil Yachty,I'm Sorry,4485563
Lil Yachty,We Did It,3266979
Lil Yachty,Oprah's Bank Account,62205826
Lil Yachty,Hightop Shoes,1729599
Lil Yachty,A-Team,1891191
Lil Yachty,Accomplishments,4048933
Jack Harlow,WHATS POPPIN,196202006
Jack Harlow,2STYLISH,2965185
Jack Harlow,I WANNA SEE SOME ASS,10619758
Jack Harlow,SMELLS LIKE INCENSE,2611904
Jack Harlow,OUT FRONT,2450056
Jack Harlow,HEY BIG HEAD,3647544
Jack Harlow,ONCE MAY COMES,1550036
Jack Harlow,GHOST,5450812
Jack Harlow,rOTTEN,3239161
Jack Harlow,ICE,1510396
Jack Harlow,SUNDAY NIGHT,1397080
Jack Harlow,WARSAW,5450731
Jack Harlow,BIG CHILLIN,1578353
Jack Harlow,GOIN BACK DOWN,912821
Jack Harlow,THRU THE NIGHT,27858458
Jack Harlow,WALK IN THE PARK,3628134
Jack Harlow,RAIN,1220280
Jack Harlow,HEAVY HITTER,5300454
Jack Harlow,RIVER ROAD,1247265
Jack Harlow,SUNDOWN,21387946
Jack Harlow,NUN FREE,2195533
Jack Harlow,PICKYOURPHONEUP,5781105
Jack Harlow,SLIDE FOR ME,1368066
Jack Harlow,CODY BANKS,4883103
Jack Harlow,SYLVIA,4823666
Jack Harlow,LIKE THIS,1533856
Jack Harlow,9TH GRADE,2039565
Jack Harlow,CAN'T CALL IT,806468
Jack Harlow,DRIP DROP,4255465
Jack Harlow,KNACK FOR IT,1388192
Jack Harlow,VACATE,1294255
Jack Harlow,TOO MUCH,880773
Jack Harlow,Eastern Parkway,2012269
Jack Harlow,Routine,2459595
Jack Harlow,OnnaWay,1936056
Jack Harlow,Wasted Youth,4270565
Jack Harlow,Detox,1633565
Jack Harlow,Tightrope,595369
Jack Harlow,Used to be,638956
Jack Harlow,Dark Knight,6956420
Jack Harlow,Maybe,800700
Jack Harlow,Woyne's Outro,356927
Jack Harlow,The Chosen One,700611
Jack Harlow,Got Me Thinking,3420241
Jack Harlow,Ice Cream,2896203
Jack Harlow,I'm Good,986362
Jack Harlow,Obsessed,8560223
Jack Harlow,Selfish,662522
Jack Harlow,Magazine,475585
Jack Harlow,Never Woulda Known,412656
Sleepy Hallow,Movie,1326262
Sleepy Hallow,2 Fake,1007235
Sleepy Hallow,Breakin Bad,5866262
Sleepy Hallow,I Get luv,3302262
Sleepy Hallow,Bestie,2069696
Sleepy Hallow,Calling,907256
Sleepy Hallow,Pray 4OR,1563055
Sleepy Hallow,Dis summah,821585
Sleepy Hallow,Tension,1059307
Sleepy Hallow,Get Low,809252
Sleepy Hallow,Demons,1215464
Sleepy Hallow,Switch Up,832573
Sleepy Hallow,Agony,825555
Sleepy Hallow,187,539634
Sleepy Hallow,Deep End Freestyle,26656636
Don Toliver,Heaven or Hell,6782665
Don Toliver,Euphoria,15298959
Don Toliver,Cardigan,29606262
Don Toliver,After Party,62565365
Don Toliver,Wasted,7100552
Don Toliver,Can't Feel My Legs,18740493
Don Toliver,Candy,4559236
Don Toliver,Company,3928585
Don Toliver,Had Enough,65465656
Don Toliver,Spaceship,4895565
Don Toliver,No Photos,6871515
Don Toliver,No Idea,228771554
Don Toliver,Diamonds,2914565
Don Toliver,Diva,11926565
Don Toliver,Issues,2270136
Don Toliver,Backend,5091565
Don Toliver,Mamma Mia,1655732
Don Toliver,Holdin Steel,1794565
Don Toliver,Bang Bang,1563656
Don Toliver,2 Lil Shorty,6815656
Don Toliver,Video Girl,3333778
Don Toliver,Around,1235656
Don Toliver,AMG,1358132
Don Toliver,Run Up,1371261
Don Toliver,Talk No More,1811782
Don Toliver,De La Hoya,371858
Don Toliver,Best You Had,14595656
Don Toliver,Back Up,7645626
Don Toliver,Situation,8523256
Gunna,Wit It,17306262
Gunna,Outstanding,27205252
Gunna,One Call,40526565
Gunna,Cash War,13502222
Gunna,Richard Millie Plain,21009595
Gunna,Yao Ming,13605565
Gunna,Idk Why,9799589
Gunna,Derek Fisher,11041151
Gunna,Baby Birkin,81115151
Gunna,Speed It Up,73363363
Gunna,3 Headed Snake,35491242
Gunna,Big Shot,12428959
Gunna,On A Mountain,10161151
Gunna,Out the Hood,14687565
Gunna,Same Yung nigga,55585656
Gunna,Who You Foolin,44777565
Gunna,Helluva Price,21423336
Gunna,Drippin,11280656
Gunna,Almighty,15003561
Gunna,At The otel,7285656
Gunna,Top Off,39565656
Gunna,King Kong,9084523
Gunna,Pedestrian,23424565
Gunna,Lies About You,8323945
Gunna,Mistress,9260385
Gunna,Car Sick,41476265
Gunna,My Soul,8784626
Gunna,No Joke,7002655
Gunna,Oh Okay,42785656
Gunna,Spending Addiction,23845656
Gunna,Money Don't Change You,5123696
Gunna,Toast Up,10491656
Gunna,Drip or Drown,15036986
Gunna,Paid,1754565
Gunna,Drip or Drown,46216363
Gunna,Invest,2344545
Gunna,Don't Give up ,2789565
Gunna,Award,1886454
Gunna,Don't Play With It,2703080
Gunna,Dodge the Hate,2124745
Gunna,Phase,3257893
Gunna,Belly of the Beast,5766258
Gunna,Top,1347586
Gunna,Shopping,2125232
Gunna,Japan,1740443
Gunna,Another Wave,1113171
Gunna,Highschool,1366175
Gunna,Make No Sense,1209653
Gunna,Money Talking,547895
Gunna,Secure The Vibe,3129565
Gunna,A$$,887563
Gunna,YSL,14105632
Gunna,Park The Car,753605
Gunna,Get It If You Want It,1023011
Gunna,Beat The Case,3125656
Gunna,Mayors,1000000
Gunna,Outta Sight Outta Mind,4655363
Gunna,Against Me,769565
Gunna,Young Nigga,848565
Gunna,Rockstar Status,1045656
Gunna,Cop Me a Foreign,1221588
Gunna,Can't Relate,1027855
Gunna,Stay Focused,534656
Gunna,Solid,303656
Gunna,How Can I Switch,273020
Gunna,Goin In,670843
Gunna,Quarantine Clean,5436261
Gunna,Turks,71545261
Gunna,Skybox,31565122
Gunna,Cash Cow,9211291
DaBaby,INTRO,75864000
DaBaby,OFF THE RIP,26050653
DaBaby,BOP,311423653
DaBaby,VIBEZ,201078565
DaBaby,POP STAR,29568653
DaBaby,GOSPEL,22808122
DaBaby,IPHONE,22883920
DaBaby,TOES,154329565
DaBaby,REALLY,19556826
DaBaby,PROLLY HEARD,16978563
DaBaby,RAW SHIT,46456238
DaBaby,THERE HE GO,16805547
DaBaby,XXL,21901856
DaBaby,TAKING IT OUT,25265956
DaBaby,SUGE,376556595
DaBaby,GOIN BABY,139598654
DaBaby,PONY,27665265
DaBaby,DEAL WIT IT,10140678
DaBaby,BABY SITTER,134442365
DaBaby,CELEBRATE,12531851
DaBaby,JOGGERS,12856984
DaBaby,CARPET BURN,18365496
DaBaby,BEST FRIEND,11206565
DaBaby,TUPAC,9139546
DaBaby,BACKEND,8512365
DaBaby,WALKER TEXAS RANGER,46985650
DaBaby,Next Song,40236987
DaBaby,Blank Blank,12652398
DaBaby,21,41044272
DaBaby,Deserve It,3731880
DaBaby,4x,13911251
DaBaby,Milli,4736170
DaBaby,No Tears,8972151
DaBaby,Best Friend,3203054
DaBaby,Beeper,3544353
DaBaby,Walker Texas Ranger,46487560
DaBaby,Today,21954363
DaBaby,No Love,9408565
DaBaby,Itch,3465932
DaBaby,Off Top,8062371
DaBaby,Usher,1913565
DaBaby,Kujo,1318565
DaBaby,For the Baby,1647870
DaBaby,Up The Street,8306331
DaBaby,For The Summer,1787154
DaBaby,Tax Time,5984652
DaBaby,Gorilla Glue,8365022
DaBaby,Number 2,3065735
DaBaby,Webbie,2961565
DaBaby,Back To Cali,1724596
DaBaby,Mr Clean,3355621
DaBaby,Above the rim,7671563
DaBaby,flip phone,1212869
DaBaby,Fresh,632889
DaBaby,Switch,2396518
DaBaby,No Hook,1180897
DaBaby,Lick,801099
DaBaby,Pull Up Music,1448359
DaBaby,Intro,989334
DaBaby,Big Business,344389
DaBaby,Side Hoes,270849
DaBaby,Wet,1208249
DaBaby,Right Now,251514
DaBaby,Big Butt,1354042
DaBaby,Bag Bag,1053644
DaBaby,Water,1321499
DaBaby,Like She love me,1300426
DaBaby,Comin Over,589207
DaBaby,Flavor,211702
DaBaby,DaBabby,1895656
DaBaby,Trash Bag,275858
DaBaby,The Wave,250074
DaBaby,Light show,1271980
DaBaby,Squad Goals,204192
DaBaby,Wait Up,250066
DaBaby,Happy,236477
DaBaby,Comin Over,215599
DaBaby,Old Friends,288536
DaBaby,Who Working Harder,216656
DaBaby,Baby Jesus,1301782
DaBaby,Shut Up,12845911
DaBaby,Death,90820627
DaBaby,Baby ,189700064
Roddy Rich,Intro,18481912
Roddy Rich,The Box,776406833
Roddy Rich,Start Wit Me,104650589
Roddy Rich,Perfect Time,20830573
Roddy Rich,Moonwalkin,18283819
Roddy Rich,Big Stepper,46300760
Roddy Rich,God's Eyes,15490751
Roddy Rich,Peta,63183912
Roddy Rich,Boom Boom Room,30665041
Roddy Rich,ElysesSkit,13591
Roddy Rich,High Fashion,198061438
Roddy Rich,Bacc Seat,43565443
Roddy Rich,Roll Rice,16020728
Roddy Rich,Prayer To the Trap God,12257398
Roddy Rich,Tip Toe,77208629
Roddy Rich,War Baby,22348912
Roddy Rich,feed Tha Streets 2,14102027
Roddy Rich,Faces,5225132
Roddy Rich,Nascar,13203279
Roddy Rich,Die Young,162005924
Roddy Rich,Cream,14369435
Roddy Rich,Can't Express,8896435
Roddy Rich,Area Codes,4940778
Roddy Rich,Brand New,5003851
Roddy Rich,Down For Real,5638732
Roddy Rich,Every Season,117467798
Roddy Rich,Down Below,107812089
Roddy Rich,Day One,5632713
Roddy Rich,Start Wit Me,104650589
Roddy Rich,Out Tha Mud,29112832
Roddy Rich,Racks In The Middle,113383669
Roddy Rich,Project Dreams,179933915
Lil Uzi Vert,Two,51499565
Lil Uzi Vert,444+222,89525655
Lil Uzi Vert,Sauce it up,224844563
Lil Uzi Vert,No sleep leak,48402257
Lil Uzi Vert,The way life goes,405612820
Lil Uzi Vert,for real,49131957
Lil Uzi Vert,feelings mutual,45169139
Lil Uzi Vert,neon guts,76712341
Lil Uzi Vert,early 20 rager,28052844
Lil Uzi Vert,unfaxzed,73143943
Lil Uzi Vert,pretty miami,42979640
Lil Uzi Vert,how to talk,39538122
Lil Uzi Vert,x,75202262
Lil Uzi Vert,malfunction,31812208
Lil Uzi Vert,dark queen,158981488
Lil Uzi Vert,xo tour llife,1266538505
Lil Uzi Vert,skir skirr,12472985
Lil Uzi Vert,loaded,27553962
Lil Uzi Vert,diamonds all on my wrist,14356652
Lil Uzi Vert,20 min,184345094
Lil Uzi Vert,Do what I want,168130816
Lil Uzi Vert,Of Course We ghetto flowers,29442365
Lil Uzi Vert,Original Uzi,25909585
Lil Uzi Vert,Money mitch,18569215
Lil Uzi Vert,Sideline Watching,85254963
Lil Uzi Vert,I can Drive,31203546
Lil Uzi Vert,You're Lost,28739451
Lil Uzi Vert,Erase Your Social,234297256
Lil Uzi Vert,Ronda,44463981
Lil Uzi Vert,Seven Million,118128943
Lil Uzi Vert,Canadian Goose,45592926
Lil Uzi Vert,Hi Roller,44866288
Lil Uzi Vert,Money Longer,392568452
Lil Uzi Vert,Grab the Wheel,41838496
Lil Uzi Vert,You Was Right,308010564
Lil Uzi Vert,Baby Are You Home,34116420
Lil Uzi Vert,Ps and Qs,139255236
Lil Uzi Vert,Team Rocket,38317221
Lil Uzi Vert,Scott and Ramon,23507966
Lil Uzi Vert,Safe House,11490855
Lil Uzi Vert,Banned From TV,11915324
Lil Uzi Vert,Super saiyan,18183554
Lil Uzi Vert,0,94695123
Lil Uzi Vert,YamborghiniDream,13288345
Lil Uzi Vert,Right Now,16714276
Lil Uzi Vert,Top,102485866
Lil Uzi Vert,All my Chains,16536741
Lil Uzi Vert,Belly,8752654
Lil Uzi Vert,Enemies,25152987
Lil Uzi Vert,Ballin,9380989
Lil Uzi Vert,Paradise,19102921
Lil Uzi Vert,That Way,98363543
Lil Uzi Vert,Futsal Shuffle 2020,172492782
Lil Uzi Vert,Show u Off,16437848
Lil Uzi Vert,Sanguine Paradise,255318728
Lil Uzi Vert,Thats a Rack,100344565
Lil Uzi Vert,420 In London,13756923
Lil Uzi Vert,New Patek,182213684
Lil Uzi Vert,Watch,143137895
Lil Uzi Vert,Smoke My Dope,8956237
Lil Uzi Vert,Go Off,76828456
Migos,Higher We Go,27108836
Migos,Supastars,42022975
Migos,Narcos,266980182
Migos,BBO,84128568
Migos,Auto Pilot,22609817
Migos,Walk it Talk it,470375903
Migos,Emoji A Chain,30042038
Migos,CC,21310062
Migos,Stir Fry,400140961
Migos,Too much jewelry,22461783
Migos,Gang Gang,63927917
Migos,White Sand,43602352
Migos,Crown The Kings,16313601
Migos,Flooded,14001565
Migos,Beast,21075550
Migos,Open it Up,17575229
Migos,MotorSport,395259307
Migos,Movin Too Fast,17869233
Migos,Work Hard,15811307
Migos,Notice Me,151629774
Migos,Too Playa,24657900
Migos,Made Men,18445565
Migos,Top Down on Da NAWF,15029064
Migos,Culture National Anthem,11286352
Migos,Culture,35988764
Migos,T Shirt,368635577
Migos,Call Casting ,58097800
Migos,Bad and Boujee,652996346
Migos,Get Right Witcha,179384005
Migos,Slippery,449331432
Migos,Big on Big,23778325
Migos,What the Price,43584677
Migos,Brown Paper Bag,46482862
Migos,Deadz,57832972
Migos,All Ass,35238001
Migos,Kelly Price,129298469
Migos,Out Yo way,24955296
Migos,Yrn 2 Intro,3638160
Migos,WOA,9148592
Migos,You Wanna See,6044914
Migos,Chances,7175604
Migos,Commando,13367556
Migos,Trippin,6330950
Migos,Plan B,3428878
Migos,Flying Coach,4965035
Migos,muhk n Tired,4722422
Migos,Bars,7281408
Migos,Hoe on a mission,4240130
Migos,fall back,2922913
Migos,hate it or love it,2875955
Migos,chapter 1,1745863
Quavo,BIGGEST ALLEY OOP,28843408
Quavo,PASS OUT,53621216
Quavo,HUNCHO DREAMS,13026611
Quavo,FLIP THE SWITCH,96133937
Quavo,GIVE IT TO EM,10436131
Quavo,SHINE,11530838
Quavo,WORKIN ME,157805487
Quavo,HOW BOUT THAT,13517817
Quavo,CHAMPAGNE ROSE,14675893
Quavo,KEEP THAT SHIT,10838754
Quavo,FUCK 12,9722959
Quavo,LOSE IT,56401996
Quavo,RERUN,25333841
Quavo,GO ALL THE WAY,11931486
Quavo,LAMB TALK,36801092
Quavo,BIG BRO,6614449
Quavo,SWING,11435121
Quavo,BUBBLE GUM,24743002
Quavo,LOST,13986241
Quavo,Double Trouble,22325561
Quavo,A Million,1575085
Quavo,Pose To Do,8200929
Quavo,Broke Leg,53002490
Quavo,Bacc At It Again,22252507
Huncho Jack,Modern Slavery,69353463
Huncho Jack,Black and Chinese,66320084
Huncho Jack,Eye 2 Eye,59880827
Huncho Jack,Motorcycle Patches,72031030
Huncho Jack,Huncho Jack,35900618
Huncho Jack,Saint,114755229
Huncho Jack,Go,24413102
Huncho Jack,Dubai Shit,99969439
Huncho Jack,Saint Laurant Mask,29541349
Huncho Jack,Moon Rock,30518456
Huncho Jack,How U Feel,32798697
Huncho Jack,Where u from,39199992
Huncho Jack,Best man,18590871
G Herbo,Summer is Cancelled,3046047
G Herbo,Can't Sleep,1810954
G Herbo,hunnit bands,1735878
G Herbo,my bro's a legend,1839421
G Herbo,remember,1319603
G Herbo,sessions,3996277
G Herbo,that boy,1016872
G Herbo,what I did,700903
G Herbo,I want it,1148235
G Herbo,Sacrifice,2796220
G Herbo,Scratchy and Itchy,1356819
G Herbo,Shakey Skit,2598
G Herbo,Up It,2481061
G Herbo,Trained to Kill,4008829
G Herbo,Bought a Tool,1101070
G Herbo,Bug,1075390
G Herbo,Yerk 30,1001024
G Herbo,Ok,1335984
G Herbo,Do You Sh!t,1203835
G Herbo,Never Scared,6582940
G Herbo,Visionary,978092
G Herbo,Boww,877515
G Herbo,Wilt Chamberlin,4394771
G Herbo,Hood cycle,3982472
G Herbo,Some nights,6430657
G Herbo,Swervo,13716480
G Herbo,That's how I grew up,6432210
G Herbo,FoReal,5123872
G Herbo,Catch Up,12168896
G Herbo,Tweakin,1501661
G Herbo,Pac n Dre,2251534
G Herbo,Bonjour,4246580
G Herbo,Huh,3190313
G Herbo,100 Sticks,1931629
G Herbo,Honestly,8018130
G Herbo,Letter,3449608
G Herbo,Focused,6995555
G Herbo,Who Run It,3638671
G Herbo,Street,4520983
G Herbo,Black,2869051
G Herbo,Bi Polar,5680069
G Herbo,Lil Gangbangin Ass,4666295
G Herbo,Everything,13088744
G Herbo,I like,11507245
G Herbo,Man now,6642422
G Herbo,Malcolm,5645168
G Herbo,Crown,2127330
G Herbo,Mirror,2613237
G Herbo,Trials,2267374
G Herbo,Red Snow,3672495
G Herbo,No Way Out,2127485
G Herbo,Sins,779485
G Herbo,Never Cared,4759365
G Herbo,4 Nem,3562845
G Herbo,all Day,879385
G Herbo,Head Right,754928
G Herbo,No Depression,2633914
G Herbo,Ride,1587395
G Herbo,My Way,845643
G Herbo,How Could U Hate Me,1447286
G Herbo,Shook,1237462
G Herbo,Everything Remix,6209356
G Herbo,This n That,3514365
G Herbo,4 Minutes of Hell,2594345
Juice WRLD,Empty,131405668
Juice WRLD,Maze,79854656
Juice WRLD,HeMotions,41526503
Juice WRLD,Demonz,25631510
Juice WRLD,Fast,165642035
Juice WRLD,Hear Me Calling,145768525
Juice WRLD,Big ,29398565
Juice WRLD,Robbery,432159431
Juice WRLD,Flaws And Sins,63187630
Juice WRLD,Feeling,126833845
Juice WRLD,Syphillis,25813654
Juice WRLD,Who shot cupid?,45765236
Juice WRLD,Ring Ring,49717454
Juice WRLD,Desire,27930917
Juice WRLD,Out My Way,25318155
Juice WRLD,The Bees Knees,26854542
Juice WRLD,ON GOD,28596453
Juice WRLD,10 Feet,28556265
Juice WRLD,Won't let go,22851545
Juice WRLD,She's the one,20344950
Juice WRLD,Rider,26251163
Juice WRLD,Make Believ,98856265
Juice WRLD,Intro,19106523
Juice WRLD,All Girls Are the Same,508156586
Juice WRLD,Lucid Dreams,1232585636
Juice WRLD,Wasted,251286543
Juice WRLD,Armed and Dangerous,330826482
Juice WRLD,Black and White,213486338
Juice WRLD,Lean Wit Me,348261401
Juice WRLD,Ill be Fine,88946611
Juice WRLD,Used To,81663437
Juice WRLD,Candles,109338779
Juice WRLD,Scared of Love,105707080
Juice WRLD,Hurt Me,94975023
Juice WRLD,Im Still,83555065
Juice WRLD,End Of The Road,65163250
Juice WRLD,Long Gone,54065183
Juice WRLD,Betrayal,18752512
Juice WRLD,Karma,18469163
Juice WRLD,Jet Lag,47462536
Juice WRLD,Astronauts,34246352
Juice WRLD,Fine China,258550356
Juice WRLD,Red Bentley,19164025
Juice WRLD,Make It Back,38519959
Juice WRLD,Oxy,17222997
Juice WRLD,7 AM Freestyle,22655759
Juice WRLD,Different,15748982
Juice WRLD,Shorty,21216317
Juice WRLD,Realer N Realer,47788584
Juice WRLD,No Issue,19769555
Juice WRLD,WRLD On Drugs,22311698
Juice WRLD,Afterlife,13877509
Juice WRLD,Aint Livin Right,19375252
Juice WRLD,Transformer,23465043
Juice WRLD,Hard Work Pays,93433745
Juice WRLD,Let Me Know,72980289
Juice WRLD,Bandit,346790443
Juice WRLD,Graduation,112744318
Juice WRLD,Hate Me,17422000
Lil Baby,Global,24405838
Lil Baby,Pure cocaine,172274097
Lil Baby,Crush a lot,23700000
Lil Baby,Time,36338475
Lil Baby,Ready,35087473
Lil Baby,Word on the street,20470284
Lil Baby,This week,16124728
Lil Baby,Anyway,13565834
Lil Baby,No friends,12521572
Lil Baby,Realist in it,20027385
Lil Baby,Section 8,13803583
Lil Baby,Chastised,13085384
Lil Baby,Dreams 2 Reality,11253586
Lil Baby,Off White VLONE,44118345
Lil Baby,Business is Business,32553758
Lil Baby,Belly,20872847
Lil Baby,Deep End,19171483
Lil Baby,World Is yours,16821934
Lil Baby,Underdog,15374584
Lil Baby,I Am,32127485
Lil Baby,Seals Pills,11452384
Lil Baby,My Jeans,13100384
Lil Baby,Style Stealer,15377483
Lil Baby,Close Friends,182748232
Lil Baby,Drip Too Hard,622634854
Lil Baby,Never Recover,203874383
Lil Baby,Intro,10608102
Lil Baby,Spazz,8150283
Lil Baby,I'm straight ,9941834
Lil Baby,Exotic,15438484
Lil Baby,Yes Indeed,494762945
Lil Baby,Leaked,20703745
Lil Baby,Bank,12350783
Lil Baby,Cash,15740238
Lil Baby,Southside,36945823
Lil Baby,Throwing Shade,24343843
Lil Baby,First Class,19357283
Lil Baby,Right now,8331475
Lil Baby,Life Goes On,148347272
Lil Baby,Transporter,11621845
Lil Baby,Fit In,11292484
Lil Baby,Boss Bitch,12438474
Lil Baby,Never Needed No Help,35124848
Lil Baby,To The Top,31925039
Lil Baby,Money,11219485
Lil Baby,all of a sudden,39617384
Lil Baby,money forever,15940932
Lil Baby,best of me,6894857
Lil Baby,ride my wave,4479574
Lil Baby,hurry,3195834
Lil Baby,sum more,12380485
Lil Baby,going for it,3488475
Lil Baby,slow mo,3043856
Lil Baby,trap star,5435854
Lil Baby,eat or starve,3219475
Lil Baby,freestyle,140028495
Lil Baby,vision clear,3553856
Lil Baby,dive in,3966845
Lil Baby,stick on me,3297574
Lil Baby,A town,5715845
Lil Baby,My dawg,39648204
Lil Baby,Dates,2328945
Lil Baby,My Drip,14382366
Lil Baby,Minute,6432854
Lil Baby,Life ,2329456
Lil Baby,Narcs,7448345
Lil Baby,Ride or die,1625912
Lil Baby,Stendo,4725938
Lil Baby,Large,1173485
Lil Baby,Pink Slip,2637854
Lil Baby,Survive Da Motion,1273485